Volcano_Filter,Volcano_Code_Filter,Timestamp,Alert_Level,Volcano_Report,Author_Observatory,Description,Detail_Link,Page,Volcano_Name,Volcano_Code,Issued_Time,Current_Color_Code,Previous_Color_Code,Notice_Number,Volcano_Location,Latitude,Longitude,Area,Summit_Elevation_FT,Summit_Elevation_M,Volcanic_Activity_Summary,Volcanic_Cloud_Height,Other_Volcanic_Cloud_Info,Remarks
Merapi,MER,2026-03-03 00:00:00 UTC,Yellow,Merapi - 20260303/0000Z,"Rachmad Widyo Laksono, Merapi Volcano Observatory - 2 days ago",Increasing in volcanic activity. Ash-cloud is not observed. Ash-cloud is not observed..,https://magma.esdm.go.id/v1/vona/20379?signature=5a8e7a079c8d3e866799693d5942206accfc6df325aacf321fe84734207bffa5,1,Merapi,263250,20260303/0000Z,YELLOW,yellow,2026MER006,S 07 deg 32 min 31 sec E 110 deg 26 min 31 sec,-7.541944444,110.4419444,"Special Region of Yogyakarta, Indonesia",9498,2968,Increasing in volcanic activity.,Ash-cloud is not observed.,Ash-cloud is not observed.,"The volcano is clearly visible to cloudy. No gas emission is observed. The weather is cloudy, with light to moderate winds from the east."
Merapi,MER,2026-02-16 00:00:00 UTC,Yellow,Merapi - 20260216/0000Z,"Erwin Widyon, Merapi Volcano Observatory - 2 weeks ago",Increasing in volcanic activity. Ash-cloud is not observed. Ash-cloud is not observed..,https://magma.esdm.go.id/v1/vona/20162?signature=24675d1f0492a76258c60438314f73935e25ccb5833ddb83d86f5bc1ba8262d1,1,Merapi,263250,20260216/0000Z,YELLOW,yellow,2026MER005,S 07 deg 32 min 31 sec E 110 deg 26 min 31 sec,-7.541944444,110.4419444,"Special Region of Yogyakarta, Indonesia",9498,2968,Increasing in volcanic activity.,Ash-cloud is not observed.,Ash-cloud is not observed.,"The volcano is clearly visible to cloudy. No gas emission is observed. The weather is cloudy to rainy, with light to moderate winds from the west."
Merapi,MER,2026-02-01 00:00:00 UTC,Yellow,Merapi - 20260201/0000Z,"Erwin Widyon, Merapi Volcano Observatory - 1 month ago",Increasing in volcanic activity. Ash-cloud is not observed. Ash-cloud is not observed..,https://magma.esdm.go.id/v1/vona/19954?signature=8cd1ef4722f428eca30e304d3ff0b86de7fa9f14a6bda91e54eccb8ac6fded35,1,Merapi,263250,20260201/0000Z,YELLOW,yellow,2026MER004,S 07 deg 32 min 31 sec E 110 deg 26 min 31 sec,-7.541944444,110.4419444,"Special Region of Yogyakarta, Indonesia",9498,2968,Increasing in volcanic activity.,Ash-cloud is not observed.,Ash-cloud is not observed.,"The volcano is cloudy.
No gas emission is observed.
The weather is cloudy to rainy, with light to moderate winds from the west."
Merapi,MER,2026-01-16 07:59:00 UTC,Yellow,Merapi - 20260116/0759Z,"Alzwar Nurmanaji, A.Md, Merapi Volcano Observatory - 1 month ago",Increasing in volcanic activity. Ash-cloud is not observed. Ash-cloud is not observed..,https://magma.esdm.go.id/v1/vona/19806?signature=4a0c64a2631b6a871cfd75a8b2e17a7d06304ebf466dc0e22b6db8fdb102c746,1,Merapi,263250,20260116/0759Z,YELLOW,yellow,2026MER003,S 07 deg 32 min 31 sec E 110 deg 26 min 31 sec,-7.541944444,110.4419444,"Special Region of Yogyakarta, Indonesia",9498,2968,Increasing in volcanic activity.,Ash-cloud is not observed.,Ash-cloud is not observed.,"The volcano was covered by clouds. Crater emissions were not observed. The weather was cloudy to rainy, with weak to moderate winds blowing toward the east."
Merapi,MER,2026-01-07 03:00:00 UTC,Yellow,Merapi - 20260107/0300Z,"Alzwar Nurmanaji, A.Md, Merapi Volcano Observatory - 1 month ago",Increasing in volcanic activity. Ash-cloud is not observed. Ash-cloud is not observed..,https://magma.esdm.go.id/v1/vona/19660?signature=e255fdbfdf88c112cefe19afae9543db2b3cad4a79a5f0002d2ae81a4eff6954,1,Merapi,263250,20260107/0300Z,YELLOW,unassigned,2026MER002,S 07 deg 32 min 31 sec E 110 deg 26 min 31 sec,-7.541944444,110.4419444,"Special Region of Yogyakarta, Indonesia",9498,2968,Increasing in volcanic activity.,Ash-cloud is not observed.,Ash-cloud is not observed.,"The volcano is clearly visible to cloudy. No gas emission is observed. The weather is sunny to cloudy, with light to moderate winds from the east."
Merapi,MER,2024-06-11 07:34:00 UTC,Yellow,Merapi - 20240611/0734Z,"Rachmad Widyo Laksono, Merapi Volcano Observatory - 1 year ago",Increasing in volcanic activity. Best estimate of ash-cloud top is around 12698 FT (3968 M) above sea level or 3200 FT (1000 M) above summit. May be higher than what can be observed clearly. Source of height data: ground observer. Ash cloud moving to west. Volcanic ash is observed to be gray. The intensity of volcanic ash is observed to be medium..,https://magma.esdm.go.id/v1/vona/8666?signature=1097e0af1e8013e4e315d9e79baa9cc5efb95e68c87dc2ee0718639a261239df,1,Merapi,263250,20240611/0734Z,YELLOW,unassigned,EXERCISE-2024MER001,S 07 deg 32 min 31 sec E 110 deg 26 min 31 sec,-7.541944444,110.4419444,"Special Region of Yogyakarta, Indonesia",9498,2968,Increasing in volcanic activity.,Best estimate of ash-cloud top is around 12698 FT (3968 M) above sea level or 3200 FT (1000 M) above summit. May be higher than what can be observed clearly. Source of height data: ground observer.,Ash cloud moving to west. Volcanic ash is observed to be gray. The intensity of volcanic ash is observed to be medium.,Eruption recorded on seismogram with maximum amplitude 50 mm and maximum duration 30 second. ash venting generated by PDC or SO2 Gas emotion
Merapi,MER,2024-01-24 08:56:00 UTC,Orange,Merapi - 20240124/0856Z,"Sulistiyani, S.Si., Merapi Volcano Observatory - 2 years ago",Eruption with volcanic ash cloud at 0856 UTC (1556 local). Best estimate of ash-cloud top is around 12698 FT (3968 M) above sea level or 3200 FT (1000 M) above summit. May be higher than what can be observed clearly. Source of height data: ground observer. Ash cloud moving from east to southeast. Volcanic ash is observed to be gray to brown. The intensity of volcanic ash is observed from medium to thick..,https://magma.esdm.go.id/v1/vona/7879?signature=d3c85f85a384a0e01d97332082c6795352322a228b1a76c363eac7cf1ab452e2,1,Merapi,263250,20240124/0856Z,ORANGE,orange,2024MER002,S 07 deg 32 min 31 sec E 110 deg 26 min 31 sec,-7.541944444,110.4419444,"Special Region of Yogyakarta, Indonesia",9498,2968,Eruption with volcanic ash cloud at 0856 UTC (1556 local).,Best estimate of ash-cloud top is around 12698 FT (3968 M) above sea level or 3200 FT (1000 M) above summit. May be higher than what can be observed clearly. Source of height data: ground observer.,Ash cloud moving from east to southeast. Volcanic ash is observed to be gray to brown. The intensity of volcanic ash is observed from medium to thick.,"Eruption recorded on seismogram with maximum amplitude 51 mm and maximum duration 168 second. Ash cloud generated by pyroclastic density current (PDC). Ash rain reported at Deles/Kemalang Klaten and Jemowo/Boyolali. Run out distance PDC 1,8 km to the south-west (Kali Bebeng)."
Merapi,MER,2024-01-21 07:12:00 UTC,Orange,Merapi - 20240121/0712Z,"Sulistiyani, S.Si., Merapi Volcano Observatory - 2 years ago",Eruption at 0712 UTC (1412 local). Ash-cloud is not observed. Ash-cloud is not observed..,https://magma.esdm.go.id/v1/vona/7874?signature=94423b459b3be71477bccc74327fb9842702bd9b37865bf6575eebf6562b5db2,1,Merapi,263250,20240121/0712Z,ORANGE,unassigned,2024MER001,S 07 deg 32 min 31 sec E 110 deg 26 min 31 sec,-7.541944444,110.4419444,"Special Region of Yogyakarta, Indonesia",9498,2968,Eruption at 0712 UTC (1412 local).,Ash-cloud is not observed.,Ash-cloud is not observed.,"Eruption recorded on seismogram with maximum amplitude 70 mm and maximum duration 239.64 second. Wind direction to the southeast-east. Ash rain reported at Deles, Sapuangin (Klaten), Mriyan, Boyolali (Boyolali)."
Merapi,MER,2023-12-08 07:46:00 UTC,Orange,Merapi - 20231208/0746Z,"Sulistiyani, S.Si., Merapi Volcano Observatory - 2 years ago",Eruption at 0746 UTC (1446 local). Ash-cloud is not observed. Ash-cloud is not observed..,https://magma.esdm.go.id/v1/vona/7708?signature=61ec3ff54096354861ab120caf8f8f748826f51d71f6ed999b8787a0ebce787f,1,Merapi,263250,20231208/0746Z,ORANGE,orange,2023MER009,S 07 deg 32 min 31 sec E 110 deg 26 min 31 sec,-7.541944444,110.4419444,"Special Region of Yogyakarta, Indonesia",9498,2968,Eruption at 0746 UTC (1446 local).,Ash-cloud is not observed.,Ash-cloud is not observed.,Eruption and ash emission is continuing. Eruption recorded on seismogram with maximum amplitude 75 mm.
Merapi,MER,2023-03-15 03:36:00 UTC,Orange,Merapi - 20230315/0336Z,"Sulistiyani, S.Si., Merapi Volcano Observatory - 2 years ago",Eruption with volcanic ash cloud at 0336 UTC (1036 local). Best estimate of ash-cloud top is around 13338 FT (4168 M) above sea level or 3840 FT (1200 M) above summit. May be higher than what can be observed clearly. Source of height data: ground observer. Ash cloud moving to east. Volcanic ash is observed to be gray to brown. The intensity of volcanic ash is observed to be medium..,https://magma.esdm.go.id/v1/vona/7035?signature=38a34f0331b6ef774a31935a9a6277bb20442cb7a4b958252ce49e93cef045bf,1,Merapi,263250,20230315/0336Z,ORANGE,orange,2023MER006,S 07 deg 32 min 31 sec E 110 deg 26 min 31 sec,-7.541944444,110.4419444,"Special Region of Yogyakarta, Indonesia",9498,2968,Eruption with volcanic ash cloud at 0336 UTC (1036 local).,Best estimate of ash-cloud top is around 13338 FT (4168 M) above sea level or 3840 FT (1200 M) above summit. May be higher than what can be observed clearly. Source of height data: ground observer.,Ash cloud moving to east. Volcanic ash is observed to be gray to brown. The intensity of volcanic ash is observed to be medium.,Eruption recorded on seismogram with maximum amplitude 65 mm and maximum duration 133 second. Ash cloud generated by pyroclastic density currents.
Merapi,MER,2023-03-13 22:50:00 UTC,Orange,Merapi - 20230313/2250Z,"Sulistiyani, S.Si., Merapi Volcano Observatory - 2 years ago",Eruption with volcanic ash cloud at 2250 UTC (0550 local). Best estimate of ash-cloud top is around 14298 FT (4468 M) above sea level or 4800 FT (1500 M) above summit. May be higher than what can be observed clearly. Source of height data: ground observer. Ash cloud moving from east to southeast. Volcanic ash is observed to be gray to brown. The intensity of volcanic ash is observed from medium to thick..,https://magma.esdm.go.id/v1/vona/7031?signature=e7606c3837268ac5c7351d1d8c8bf6e04ed677da77d672248d2a38a75125b6b4,1,Merapi,263250,20230313/2250Z,ORANGE,orange,2023MER005,S 07 deg 32 min 31 sec E 110 deg 26 min 31 sec,-7.541944444,110.4419444,"Special Region of Yogyakarta, Indonesia",9498,2968,Eruption with volcanic ash cloud at 2250 UTC (0550 local).,Best estimate of ash-cloud top is around 14298 FT (4468 M) above sea level or 4800 FT (1500 M) above summit. May be higher than what can be observed clearly. Source of height data: ground observer.,Ash cloud moving from east to southeast. Volcanic ash is observed to be gray to brown. The intensity of volcanic ash is observed from medium to thick.,Eruption recorded on seismogram with maximum amplitude 70 mm and maximum duration 160 second. Ash cloud generated by pyroclastic density currents.
Merapi,MER,2023-03-12 09:19:00 UTC,Orange,Merapi - 20230312/0919Z,"Sulistiyani, S.Si., Merapi Volcano Observatory - 2 years ago",Eruption with volcanic ash cloud at 0919 UTC (1619 local). Best estimate of ash-cloud top is around 17498 FT (5468 M) above sea level or 8000 FT (2500 M) above summit. May be higher than what can be observed clearly. Source of height data: ground observer. Ash cloud moving from north to northwest. Volcanic ash is observed to be white to gray. The intensity of volcanic ash is observed from medium to thick..,https://magma.esdm.go.id/v1/vona/7027?signature=8ca0f5392e6376f72c49268699e40727c7eb8406a41783864cd2bb5c634efa4c,1,Merapi,263250,20230312/0919Z,ORANGE,orange,2023MER004,S 07 deg 32 min 31 sec E 110 deg 26 min 31 sec,-7.541944444,110.4419444,"Special Region of Yogyakarta, Indonesia",9498,2968,Eruption with volcanic ash cloud at 0919 UTC (1619 local).,Best estimate of ash-cloud top is around 17498 FT (5468 M) above sea level or 8000 FT (2500 M) above summit. May be higher than what can be observed clearly. Source of height data: ground observer.,Ash cloud moving from north to northwest. Volcanic ash is observed to be white to gray. The intensity of volcanic ash is observed from medium to thick.,Eruption recorded on seismogram with maximum amplitude 70 mm and maximum duration 145 second. Ash cloud generated by pyroclastic density currents.
Merapi,MER,2023-03-12 00:08:00 UTC,Orange,Merapi - 20230312/0008Z,"Sulistiyani, S.Si., Merapi Volcano Observatory - 2 years ago",Eruption with volcanic ash cloud at 0008 UTC (0708 local). Best estimate of ash-cloud top is around 15898 FT (4968 M) above sea level or 6400 FT (2000 M) above summit. May be higher than what can be observed clearly. Source of height data: ground observer. Ash cloud moving from north to northwest. Volcanic ash is observed to be white to gray. The intensity of volcanic ash is observed from medium to thick..,https://magma.esdm.go.id/v1/vona/7025?signature=d74a19b939c9fdc318b1236ec47a6621f0bb1d6b550b24f6431f025478258226,1,Merapi,263250,20230312/0008Z,ORANGE,orange,2023MER003,S 07 deg 32 min 31 sec E 110 deg 26 min 31 sec,-7.541944444,110.4419444,"Special Region of Yogyakarta, Indonesia",9498,2968,Eruption with volcanic ash cloud at 0008 UTC (0708 local).,Best estimate of ash-cloud top is around 15898 FT (4968 M) above sea level or 6400 FT (2000 M) above summit. May be higher than what can be observed clearly. Source of height data: ground observer.,Ash cloud moving from north to northwest. Volcanic ash is observed to be white to gray. The intensity of volcanic ash is observed from medium to thick.,Eruption recorded on seismogram with maximum amplitude 70 mm and maximum duration 169 second. Ash fall generated by pyroclastic density currents towards south west as far as 2 km.
Merapi,MER,2023-03-11 06:06:00 UTC,Orange,Merapi - 20230311/0606Z,"Sulistiyani, S.Si., Merapi Volcano Observatory - 2 years ago",Eruption with volcanic ash cloud at 0606 UTC (1306 local). Best estimate of ash-cloud top is around 19098 FT (5968 M) above sea level or 9600 FT (3000 M) above summit. May be higher than what can be observed clearly. Source of height data: ground observer. Ash cloud moving from west to northwest. Volcanic ash is observed to be white to gray. The intensity of volcanic ash is observed from medium to thick..,https://magma.esdm.go.id/v1/vona/7022?signature=602f5d1efcaf5b5f87d41f6378e3ca7b6cb9393377fd87c0a3b1230af1ff1f18,1,Merapi,263250,20230311/0606Z,ORANGE,orange,2023MER002,S 07 deg 32 min 31 sec E 110 deg 26 min 31 sec,-7.541944444,110.4419444,"Special Region of Yogyakarta, Indonesia",9498,2968,Eruption with volcanic ash cloud at 0606 UTC (1306 local).,Best estimate of ash-cloud top is around 19098 FT (5968 M) above sea level or 9600 FT (3000 M) above summit. May be higher than what can be observed clearly. Source of height data: ground observer.,Ash cloud moving from west to northwest. Volcanic ash is observed to be white to gray. The intensity of volcanic ash is observed from medium to thick.,Eruption recorded on seismogram with maximum amplitude 70 mm and maximum duration 202 second. Ash fall generated by pyroclastic density currents
Merapi,MER,2023-03-11 05:12:00 UTC,Orange,Merapi - 20230311/0512Z,"Sulistiyani, S.Si., Merapi Volcano Observatory - 2 years ago",Eruption with volcanic ash cloud at 0512 UTC (1212 local). Best estimate of ash-cloud top is around 19098 FT (5968 M) above sea level or 9600 FT (3000 M) above summit. May be higher than what can be observed clearly. Source of height data: ground observer. Ash cloud moving from west to northwest. Volcanic ash is observed to be white to gray. The intensity of volcanic ash is observed to be thick..,https://magma.esdm.go.id/v1/vona/7019?signature=860b43bc0bf535a3a6733b429a8305fbb90348569406268a352ca67c38a07fd1,1,Merapi,263250,20230311/0512Z,ORANGE,unassigned,2023MER001,S 07 deg 32 min 31 sec E 110 deg 26 min 31 sec,-7.541944444,110.4419444,"Special Region of Yogyakarta, Indonesia",9498,2968,Eruption with volcanic ash cloud at 0512 UTC (1212 local).,Best estimate of ash-cloud top is around 19098 FT (5968 M) above sea level or 9600 FT (3000 M) above summit. May be higher than what can be observed clearly. Source of height data: ground observer.,Ash cloud moving from west to northwest. Volcanic ash is observed to be white to gray. The intensity of volcanic ash is observed to be thick.,Eruption and ash emission is continuing. Eruption recorded on seismogram with maximum amplitude 75 mm.
Merapi,MER,2022-03-09 17:00:00 UTC,Red,Merapi - 20220309/1700Z,"Sulistiyani, S.Si., Merapi Volcano Observatory - 3 years ago","Eruption with volcanic ash cloud at 1618 UTC (2318 local). Eruption and ash emission is continuing Best estimate of ash-cloud top is around 19098 FT (5968 M) above sea level, may be higher than what can be observed clearly. Source of height data: ground observer. Ash cloud moving to the southeast..",https://magma.esdm.go.id/v1/vona/6233?signature=916aee74913e85b2b2f18c3b7eff89c5be2f6b48cf64cfef0bff324b7ebc223f,2,Merapi,263250,20220309/1700Z,RED,unassigned,2022MER01,S 07 deg 32 min 31 sec E 110 deg 26 min 31 sec,-7.541944444,110.4419444,"Special Region of Yogyakarta, Indonesia",9498,2968,Eruption with volcanic ash cloud at 1618 UTC (2318 local). Eruption and ash emission is continuing,"Best estimate of ash-cloud top is around 19098 FT (5968 M) above sea level, may be higher than what can be observed clearly. Source of height data: ground observer.",Ash cloud moving to the southeast.,"PDC moving to the southeast, wind direction to the west."
Merapi,MER,2021-12-01 14:41:00 UTC,Orange,Merapi - 20211201/1441Z,"Sulistiyani, S.Si., Merapi Volcano Observatory - 4 years ago","Eruption with volcanic ash cloud at 1404 UTC (2104 local). Eruption has stopped. Best estimate of ash-cloud top is around 12698 FT (3968 M) above sea level, may be higher than what can be observed clearly. Source of height data: ground observer. Ash-cloud moving to east..",https://magma.esdm.go.id/v1/vona/6132?signature=21f3cde5b55e9a99df86a19a2dc6d6f67189586eb35dfaad0c9c5071ac68e054,2,Merapi,263250,20211201/1441Z,ORANGE,orange,2021MER07,S 07 deg 32 min 31 sec E 110 deg 26 min 31 sec,-7.541944444,110.4419444,"Special Region of Yogyakarta, Indonesia",9498,2968,Eruption with volcanic ash cloud at 1404 UTC (2104 local). Eruption has stopped.,"Best estimate of ash-cloud top is around 12698 FT (3968 M) above sea level, may be higher than what can be observed clearly. Source of height data: ground observer.",Ash-cloud moving to east.,The eruption was recorded on the seismograph with 41 mm amplitude and 702-second duration. PDC moving to Kali Bebeng approximately 3 km.
Merapi,MER,2021-08-15 23:09:00 UTC,Orange,Merapi - 20210815/2309Z,"Sulistiyani, S.Si., Merapi Volcano Observatory - 4 years ago","Eruption with volcanic ash cloud at 2253 UTC (0553 local). Eruption and ash emission has stopped. Best estimate of ash-cloud top is around 11418 FT (3568 M) above sea level, may be higher than what can be observed clearly. Source of height data: ground observer. Ash-cloud generated by pyroclastic density current moving to the west..",https://magma.esdm.go.id/v1/vona/6053?signature=6be41be177cea5b90bc4ae9a17f4052e8a1297f08616eb0125db123928f40bd3,2,Merapi,263250,20210815/2309Z,ORANGE,orange,2021MER06,S 07 deg 32 min 31 sec E 110 deg 26 min 31 sec,-7.541944444,110.4419444,"Special Region of Yogyakarta, Indonesia",9498,2968,Eruption with volcanic ash cloud at 2253 UTC (0553 local). Eruption and ash emission has stopped.,"Best estimate of ash-cloud top is around 11418 FT (3568 M) above sea level, may be higher than what can be observed clearly. Source of height data: ground observer.",Ash-cloud generated by pyroclastic density current moving to the west.,PDC was recorded on a seismogram with a maximum amplitude of 66 mm and 289 seconds duration. Run out distance 3.500 km to southwest.
Merapi,MER,2021-08-07 23:45:00 UTC,Orange,Merapi - 20210807/2345Z,"Sulistiyani, S.Si., Merapi Volcano Observatory - 4 years ago","Eruption with volcanic ash cloud at 2158 UTC (0458 local). Eruption and ash emission has stopped.  Best estimate of ash-cloud top is around 12698 FT (3968 M) above sea level, may be higher than what can be observed clearly. Source of height data: ground observer. Ash-cloud generated by pyroclastic density current moving to the west. .",https://magma.esdm.go.id/v1/vona/6042?signature=e5f0208098baafde3478e08078b7057027430e0d70498de4674cb93410595644,2,Merapi,263250,20210807/2345Z,ORANGE,orange,2021MER05,S 07 deg 32 min 31 sec E 110 deg 26 min 31 sec,-7.541944444,110.4419444,"Special Region of Yogyakarta, Indonesia",9498,2968,Eruption with volcanic ash cloud at 2158 UTC (0458 local). Eruption and ash emission has stopped.,"Best estimate of ash-cloud top is around 12698 FT (3968 M) above sea level, may be higher than what can be observed clearly. Source of height data: ground observer.",Ash-cloud generated by pyroclastic density current moving to the west.,The series of PDC was recorded on a seismogram with a maximum amplitude of 20 mm and 222 seconds duration.
Merapi,MER,2021-06-29 04:50:00 UTC,Orange,Merapi - 20210629/0450Z,"Sulistiyani, S.Si., Merapi Volcano Observatory - 4 years ago","Eruption with volcanic ash cloud at 0432 UTC (1132 local). The eruption has stopped. Best estimate of ash-cloud top is around 11098 FT (3468 M) above sea level, may be higher than what can be observed clearly. Source of height data: ground observer. Ash cloud generated by PDC moving to the west. .",https://magma.esdm.go.id/v1/vona/6016?signature=b0e8fb1779fb97f5f12ea72b49b336dbb59c12902f1cdfee3f37b3bce10218ac,2,Merapi,263250,20210629/0450Z,ORANGE,orange,2021MER04,S 07 deg 32 min 31 sec E 110 deg 26 min 31 sec,-7.541944444,110.4419444,"Special Region of Yogyakarta, Indonesia",9498,2968,Eruption with volcanic ash cloud at 0432 UTC (1132 local). The eruption has stopped.,"Best estimate of ash-cloud top is around 11098 FT (3468 M) above sea level, may be higher than what can be observed clearly. Source of height data: ground observer.",Ash cloud generated by PDC moving to the west.,Pyroclastic density current was recorded in seismogram with max amplitude 60 mm and duration 152 s.
Merapi,MER,2021-06-24 22:56:00 UTC,Orange,Merapi - 20210624/2256Z,"Alzwar Nurmanaji, A.Md, Merapi Volcano Observatory - 4 years ago","Eruption with volcanic ash cloud at 2144 UTC (0444 local). Eruption has stopped.  Best estimate of ash-cloud top is around 12698 FT (3968 M) above sea level, may be higher than what can be observed clearly. Source of height data: ground observer. Wind direction to southeast. .",https://magma.esdm.go.id/v1/vona/6015?signature=4a2471c1439fcff54e7a790ab53d50ad72a52891fccc1daad32ab2adf0e48ee4,2,Merapi,263250,20210624/2256Z,ORANGE,orange,2021MER03,S 07 deg 32 min 31 sec E 110 deg 26 min 31 sec,-7.541944444,110.4419444,"Special Region of Yogyakarta, Indonesia",9498,2968,Eruption with volcanic ash cloud at 2144 UTC (0444 local). Eruption has stopped.,"Best estimate of ash-cloud top is around 12698 FT (3968 M) above sea level, may be higher than what can be observed clearly. Source of height data: ground observer.",Wind direction to southeast.,"Pyroclastic density current was recorded in seismogram with max amplitude 75 mm and duration 61, 132, 245 s."
Merapi,MER,2021-01-09 02:29:00 UTC,Orange,Merapi - 20210109/0229Z,"Alzwar Nurmanaji, A.Md, Merapi Volcano Observatory - 5 years ago","Pyroclastic density current with ash cloud at 0145 UTC (0845 local). Eruption has stopped. Best estimate of ash-cloud top is around 33455 FT (10138 M) above sea level, may be higher than what can be observed clearly. Source of height data: ground observer. Pyroclastic density current heading northwest..",https://magma.esdm.go.id/v1/vona/5918?signature=deeba9b102052525ce0f9b806fe97e6481eb5891ed1f83afe84f8c9b8f79915b,2,Merapi,263250,20210109/0229Z,ORANGE,orange,2021MER02,S 07 deg 32 min 31 sec E 110 deg 26 min 31 sec,-7.541944444,110.4419444,Daerah Istimewa Yogyakarta dan Jawa Tengah,2968,928,Pyroclastic density current with ash cloud at 0145 UTC (0845 local). Eruption has stopped.,"Best estimate of ash-cloud top is around 33455 FT (10138 M) above sea level, may be higher than what can be observed clearly. Source of height data: ground observer.",Pyroclastic density current heading northwest.,Pyroclastic density current was recorded in seismogram with max amplitude 45 mm and duration 120 s.
Merapi,MER,2020-06-21 09:16:00 UTC,Yellow,Merapi - 20200621/0916Z,"Alzwar Nurmanaji, A.Md, Merapi Volcano Observatory - 5 years ago","Ash-cloud is not visible after eruptions on 0213 and 0227 UTC.  Best estimate of ash-cloud top is around 0 FT (0 M) above sea level, may be higher than what can be observed clearly. Source of height data: ground observer. Ash-cloud is not visible..",https://magma.esdm.go.id/v1/vona/5740?signature=da7a57327f1ff0c1c2e04f502e6f5a3d182e768622e835779dccd4962d3edb38,2,Merapi,263250,20200621/0916Z,YELLOW,red,2020MER14,S 07 deg 32 min 31 sec E 110 deg 26 min 31 sec,-7.541944444,110.4419444,Daerah Istimewa Yogyakarta dan Jawa Tengah,2968,928,Ash-cloud is not visible after eruptions on 0213 and 0227 UTC.,Volcanic ash is not visible/observed.,Ash-cloud is not visible.,Ash-cloud has not been observed
Merapi,MER,2020-06-21 02:48:00 UTC,Red,Merapi - 20200621/0248Z,"Alzwar Nurmanaji, A.Md, Merapi Volcano Observatory - 5 years ago","Eruption with volcanic ash cloud at 0213 UTC (0913 local) and 0227 UTC (0927 local) Best estimate of ash-cloud top is around 94703 FT (28698 M) above sea level, may be higher than what can be observed clearly. Source of height data: ground observer. Ash-cloud moving to west.",https://magma.esdm.go.id/v1/vona/5739?signature=d0971bdc3959d346e0f5d347d88c06dd5fa6a438a7f2407e6f509ad804f9e4ff,2,Merapi,263250,20200621/0248Z,RED,orange,2020MER13,S 07 deg 32 min 31 sec E 110 deg 26 min 31 sec,-7.541944444,110.4419444,Daerah Istimewa Yogyakarta dan Jawa Tengah,2968,928,Eruption with volcanic ash cloud at 0213 UTC (0913 local) and 0227 UTC (0927 local),"Best estimate of ash-cloud top is around 94703 FT (28698 M) above sea level, may be higher than what can be observed clearly. Source of height data: ground observer.",Ash-cloud moving to west,Eruption recorded on seismogram with maximum amplitudo 75 mm and duration 328 and 100 second.
Merapi,MER,2020-04-10 02:16:00 UTC,Orange,Merapi - 20200410/0216Z,"Alzwar Nurmanaji, A.Md, Merapi Volcano Observatory - 5 years ago","Eruption with volcanic ash cloud at 0910Z (0210 LT). Best estimate of ash-cloud top is around 63023 FT (19098 M) above sea level, may be higher than what can be observed clearly. Source of height data: ground observer. Ash cloud moving to North-West.",https://magma.esdm.go.id/v1/vona/5643?signature=795b351d4f7607b9dbd37bed335df6bd081c97eccc6c0137cf5ac14684de04f2,2,Merapi,263250,20200410/0216Z,ORANGE,orange,2020MER12,S 07 deg 32 min 31 sec E 110 deg 26 min 31 sec,-7.541944444,110.4419444,Daerah Istimewa Yogyakarta dan Jawa Tengah,2968,928,Eruption with volcanic ash cloud at 0910Z (0210 LT).,"Best estimate of ash-cloud top is around 63023 FT (19098 M) above sea level, may be higher than what can be observed clearly. Source of height data: ground observer.",Ash cloud moving to North-West,Eruption recorded on the seismogram with amplitude max 75 mm and 103 second duration. Eruption has stopped.
Merapi,MER,2020-04-02 08:21:00 UTC,Orange,Merapi - 20200402/0821Z,"Alzwar Nurmanaji, A.Md, Merapi Volcano Observatory - 5 years ago","Eruption with volcanic ash cloud at 0810Z (1510 LT). Best estimate of ash-cloud top is around 63023 FT (19098 M) above sea level, may be higher than what can be observed clearly. Source of height data: ground observer. Ash cloud moving to East. .",https://magma.esdm.go.id/v1/vona/5633?signature=74e3afe3662e4f10f7165f48e1e1ae674f72faf821dc1fc925733ba448e64ca6,2,Merapi,263250,20200402/0821Z,ORANGE,orange,2020MER11,S 07 deg 32 min 31 sec E 110 deg 26 min 31 sec,-7.541944444,110.4419444,Daerah Istimewa Yogyakarta dan Jawa Tengah,2968,928,Eruption with volcanic ash cloud at 0810Z (1510 LT).,"Best estimate of ash-cloud top is around 63023 FT (19098 M) above sea level, may be higher than what can be observed clearly. Source of height data: ground observer.",Ash cloud moving to East.,Eruption recorded on the seismogram with amplitude max 78 mm and 345 second duration. Eruption has stopped.
Merapi,MER,2020-03-28 17:20:00 UTC,Orange,Merapi - 20200328/1720Z,"Alzwar Nurmanaji, A.Md, Merapi Volcano Observatory - 5 years ago","Eruption with volcanic ash cloud at 1715Z (0015 LT). Best estimate of ash-cloud top is around 47183 FT (14298 M) above sea level, may be higher than what can be observed clearly. Source of height data: ground observer. Ash cloud moving to west.",https://magma.esdm.go.id/v1/vona/5628?signature=9df9308ae9aabdb3dd91cd75d2245be60dab16e513405d67f38486ac6500cb41,2,Merapi,263250,20200328/1720Z,ORANGE,orange,2020MER10,S 07 deg 32 min 31 sec E 110 deg 26 min 31 sec,-7.541944444,110.4419444,Daerah Istimewa Yogyakarta dan Jawa Tengah,2968,928,Eruption with volcanic ash cloud at 1715Z (0015 LT).,"Best estimate of ash-cloud top is around 47183 FT (14298 M) above sea level, may be higher than what can be observed clearly. Source of height data: ground observer.",Ash cloud moving to west,Eruption recorded on the seismogram with amplitude max 40 mm and 150 second duration. Eruption has stopped.
Merapi,MER,2020-03-28 12:35:00 UTC,Orange,Merapi - 20200328/1235Z,"Alzwar Nurmanaji, A.Md, Merapi Volcano Observatory - 5 years ago","Eruption with volcanic ash cloud at 1225Z (1925 LT). Best estimate of ash-cloud top is around 63023 FT (19098 M) above sea level, may be higher than what can be observed clearly. Source of height data: ground observer. Ash coud moving to west.",https://magma.esdm.go.id/v1/vona/5627?signature=ccf15527ada5fc93def46c1f6f84a68bd08d2353ee542e6b8c978a45678dccbe,2,Merapi,263250,20200328/1235Z,ORANGE,orange,2020MER09,S 07 deg 32 min 31 sec E 110 deg 26 min 31 sec,-7.541944444,110.4419444,Daerah Istimewa Yogyakarta dan Jawa Tengah,2968,928,Eruption with volcanic ash cloud at 1225Z (1925 LT).,"Best estimate of ash-cloud top is around 63023 FT (19098 M) above sea level, may be higher than what can be observed clearly. Source of height data: ground observer.",Ash coud moving to west,Eruption recorded on the seismogram with amplitude max 75 mm and 243 second duration. Eruption has stopped.
Merapi,MER,2020-03-27 22:41:00 UTC,Orange,Merapi - 20200327/2241Z,"Alzwar Nurmanaji, A.Md, Merapi Volcano Observatory - 5 years ago","Eruption with volcanic ash cloud at 2221Z (0521 LT). Best estimate of ash-cloud top is around 52463 FT (15898 M) above sea level, may be higher than what can be observed clearly. Source of height data: ground observer. Ash coud moving to west.",https://magma.esdm.go.id/v1/vona/5626?signature=d64a9dd9b957d3b3d519bb714d1463b788ca2c2c4b8a1083b5ab9e9a82f6cb50,2,Merapi,263250,20200327/2241Z,ORANGE,orange,2020MER08,S 07 deg 32 min 31 sec E 110 deg 26 min 31 sec,-7.541944444,110.4419444,Daerah Istimewa Yogyakarta dan Jawa Tengah,2968,928,Eruption with volcanic ash cloud at 2221Z (0521 LT).,"Best estimate of ash-cloud top is around 52463 FT (15898 M) above sea level, may be higher than what can be observed clearly. Source of height data: ground observer.",Ash coud moving to west,Eruption recorded on the seismogram with amplitude max 50 mm and 180 second duration. Eruption has stopped.
Merapi,MER,2020-03-27 14:49:00 UTC,Orange,Merapi - 20200327/1449Z,"Alzwar Nurmanaji, A.Md, Merapi Volcano Observatory - 5 years ago","Eruption with volcanic ash cloud at 1446 UTC (2146 local). The eruption lasted for 180 seconds Best estimate of ash-cloud top is around 41903 FT (12698 M) above sea level, may be higher than what can be observed clearly. Source of height data: ground observer. Ash-cloud moving to west.",https://magma.esdm.go.id/v1/vona/5624?signature=5ecb2e22243f41a6662040f2820c8f0b0f7ac77a53bd4b3d0efa136db7d6ed53,2,Merapi,263250,20200327/1449Z,ORANGE,green,2020MER07,S 07 deg 32 min 31 sec E 110 deg 26 min 31 sec,-7.541944444,110.4419444,Daerah Istimewa Yogyakarta dan Jawa Tengah,2968,928,Eruption with volcanic ash cloud at 1446 UTC (2146 local). The eruption lasted for 180 seconds,"Best estimate of ash-cloud top is around 41903 FT (12698 M) above sea level, may be higher than what can be observed clearly. Source of height data: ground observer.",Ash-cloud moving to west,Eruption recorded on the seismogram with amplitude max 40 mm and 180 second duration. Eruption has stopped.
Merapi,MER,2020-03-27 11:38:00 UTC,Green,Merapi - 20200327/1138Z,"Alzwar Nurmanaji, A.Md, Merapi Volcano Observatory - 5 years ago","No eruption occurred after the last eruption on 27 March 2020 at 03:56 UTC (1056 local) Best estimate of ash-cloud top is around 0 FT (0 M) above sea level, may be higher than what can be observed clearly. Source of height data: ground observer. Ash-cloud is not visible.",https://magma.esdm.go.id/v1/vona/5623?signature=1a0978bec01c7f1873cffd10a06c56489fc285b8f28be975a0d85efea95fa261,3,Merapi,263250,20200327/1138Z,GREEN,red,2020MER06,S 07 deg 32 min 31 sec E 110 deg 26 min 31 sec,-7.541944444,110.4419444,Daerah Istimewa Yogyakarta dan Jawa Tengah,2968,928,No eruption occurred after the last eruption on 27 March 2020 at 03:56 UTC (1056 local),Volcanic ash is not visible/observed.,Ash-cloud is not visible,Volcanic plume not observed due to rain & fog.
Merapi,MER,2020-03-27 04:15:00 UTC,Red,Merapi - 20200327/0415Z,"Alzwar Nurmanaji, A.Md, Merapi Volcano Observatory - 5 years ago","Eruption with volcanic ash cloud at 0356 UTC (1056 local). The eruption lasted for 420 seconds Best estimate of ash-cloud top is around 84143 FT (25498 M) above sea level, may be higher than what can be observed clearly. Source of height data: ground observer. Ash-cloud moving to southwest.",https://magma.esdm.go.id/v1/vona/5622?signature=84020fe6e3f33d4518d44d6db4c3f0ba19d146758b3f4970c67bd982f55ccd10,3,Merapi,263250,20200327/0415Z,RED,green,2020MER05,S 07 deg 32 min 31 sec E 110 deg 26 min 31 sec,-7.541944444,110.4419444,Daerah Istimewa Yogyakarta dan Jawa Tengah,2968,928,Eruption with volcanic ash cloud at 0356 UTC (1056 local). The eruption lasted for 420 seconds,"Best estimate of ash-cloud top is around 84143 FT (25498 M) above sea level, may be higher than what can be observed clearly. Source of height data: ground observer.",Ash-cloud moving to southwest,Eruption recorded on the seismogram with amplitude max 75 mm and 420 second duration. Eruption has stopped.
Merapi,MER,2020-03-03 10:27:00 UTC,Green,Merapi - 20200303/1027Z,"Alzwar Nurmanaji, A.Md, Merapi Volcano Observatory - 6 years ago","No eruption occurred after the last eruption on 03 March 2020 at 22:22 UTC (0522 local) Best estimate of ash-cloud top is around 0 FT (0 M) above sea level, may be higher than what can be observed clearly. Source of height data: ground observer. Volcanic plume not observed due to rain. .",https://magma.esdm.go.id/v1/vona/5604?signature=ddcb7888821fe15afdf8c62a953132592e4324610deba0213e016f2ea1ca6fda,3,Merapi,263250,20200303/1027Z,GREEN,red,2020MER04,S 07 deg 32 min 31 sec E 110 deg 26 min 31 sec,-7.541944444,110.4419444,Daerah Istimewa Yogyakarta dan Jawa Tengah,2968,928,No eruption occurred after the last eruption on 03 March 2020 at 22:22 UTC (0522 local),Volcanic ash is not visible/observed.,Volcanic plume not observed due to rain.,-
Merapi,MER,2020-03-02 22:50:00 UTC,Red,Merapi - 20200302/2250Z,"Alzwar Nurmanaji, A.Md, Merapi Volcano Observatory - 6 years ago","Eruption with volcanic ash cloud at 2222 UTC (0522 local). The eruption lasted for 450 seconds Best estimate of ash-cloud top is around 94703 FT (28698 M) above sea level, may be higher than what can be observed clearly. Source of height data: ground observer. Ash-cloud moving to north..",https://magma.esdm.go.id/v1/vona/5603?signature=d6fce95caff647900b6d51ef79855ec645ae89330fc62f905168dddc949a95ad,3,Merapi,263250,20200302/2250Z,RED,orange,2020MER03,S 07 deg 32 min 31 sec E 110 deg 26 min 31 sec,-7.541944444,110.4419444,Daerah Istimewa Yogyakarta dan Jawa Tengah,2968,928,Eruption with volcanic ash cloud at 2222 UTC (0522 local). The eruption lasted for 450 seconds,"Best estimate of ash-cloud top is around 94703 FT (28698 M) above sea level, may be higher than what can be observed clearly. Source of height data: ground observer.",Ash-cloud moving to north.,Eruption recorded on the seismogram with amplitude max 75 mm and 450 second duration.
Merapi,MER,2020-02-12 22:43:00 UTC,Orange,Merapi - 20200212/2243Z,"Alzwar Nurmanaji, A.Md, Merapi Volcano Observatory - 6 years ago","Eruption with volcanic ash cloud at 2216 UTC (0516 local). The eruption lasted for 105 seconds Best estimate of ash-cloud top is around 52463 FT (15898 M) above sea level, may be higher than what can be observed clearly. Source of height data: ground observer. Ash-cloud moving to northwest. .",https://magma.esdm.go.id/v1/vona/5592?signature=5366b0de344e426069da8cc76daac825a511ffcb526cebc77c19950c98940c2d,3,Merapi,263250,20200212/2243Z,ORANGE,unassigned,2020MER01,S 07 deg 32 min 31 sec E 110 deg 26 min 31 sec,-7.541944444,110.4419444,Daerah Istimewa Yogyakarta dan Jawa Tengah,2968,928,Eruption with volcanic ash cloud at 2216 UTC (0516 local). The eruption lasted for 105 seconds,"Best estimate of ash-cloud top is around 52463 FT (15898 M) above sea level, may be higher than what can be observed clearly. Source of height data: ground observer.",Ash-cloud moving to northwest.,Eruption recorded on the seismogram with amplitude max 75 mm and 105 second duration.
Merapi,MER,2019-11-17 03:54:00 UTC,Orange,Merapi - 20191117/0354Z,"Yulianto, Merapi Volcano Observatory - 6 years ago","Eruption with ash cloud at 0346 UTC (1046 local), lasted for 155 seconds. Eruption has stopped. Best estimate of ash-cloud top is around 41903 FT (12698 M) above sea level, may be higher than what can be observed clearly. Source of height data: ground observer. Ash-cloud moving to west..",https://magma.esdm.go.id/v1/vona/5525?signature=de43d95062c3c2ed2f40cb813b242cfe27f7e185358aefa9fe9c2b38816c7378,3,Merapi,263250,20191117/0354Z,ORANGE,orange,2019MER04,S 07 deg 32 min 31 sec E 110 deg 26 min 31 sec,-7.541944444,110.4419444,Daerah Istimewa Yogyakarta dan Jawa Tengah,2968,928,"Eruption with ash cloud at 0346 UTC (1046 local), lasted for 155 seconds. Eruption has stopped.","Best estimate of ash-cloud top is around 41903 FT (12698 M) above sea level, may be higher than what can be observed clearly. Source of height data: ground observer.",Ash-cloud moving to west.,Eruption was recorded in seismograph for 155 s and amplitude 70 mm.
Merapi,MER,2019-11-08 23:43:00 UTC,Orange,Merapi - 20191108/2343Z,"Alzwar Nurmanaji, A.Md, Merapi Volcano Observatory - 6 years ago","Eruption with ash cloud at 2321 UTC (0621 local), lasted for 3 minutes. Eruption has stopped. Best estimate of ash-cloud top is around 47183 FT (14298 M) above sea level, may be higher than what can be observed clearly. Source of height data: ground observer. Ash-cloud moving to west..",https://magma.esdm.go.id/v1/vona/5519?signature=cf7ab12b9e684f744042d713aa9b9159b34dbcaffec85d02f782e7e599014984,3,Merapi,263250,20191108/2343Z,ORANGE,orange,2019MER03,S 07 deg 32 min 31 sec E 110 deg 26 min 31 sec,-7.541944444,110.4419444,Daerah Istimewa Yogyakarta dan Jawa Tengah,2968,928,"Eruption with ash cloud at 2321 UTC (0621 local), lasted for 3 minutes. Eruption has stopped.","Best estimate of ash-cloud top is around 47183 FT (14298 M) above sea level, may be higher than what can be observed clearly. Source of height data: ground observer.",Ash-cloud moving to west.,Eruption was recorded in seismograph for 160 s and amplitude 65 mm.
Merapi,MER,2018-05-23 20:16:00 UTC,Red,Merapi - 20180523/2016Z,"Sulistiyani, S.Si., Merapi Volcano Observatory - 7 years ago","Eruption with volcanic ash cloud at 19:56 UTC (02.56 local). Eruption has deceased Best estimate of ash-cloud top is around 94703 FT (28698 M) above sea level, may be higher than what can be observed clearly. Source of height data: ground observer. Ash-cloud moving to west. .",https://magma.esdm.go.id/v1/vona/5491?signature=01ba49c62c52c3a6b7b820ad36e7a453ad3572f0a531a1b27207350d0362af08,3,Merapi,263250,20180523/2016Z,RED,orange,2018MER07,S 07 deg 32 min 31 sec E 110 deg 26 min 31 sec,-7.541944444,110.4419444,Daerah Istimewa Yogyakarta dan Jawa Tengah,2968,928,Eruption with volcanic ash cloud at 19:56 UTC (02.56 local). Eruption has deceased,"Best estimate of ash-cloud top is around 94703 FT (28698 M) above sea level, may be higher than what can be observed clearly. Source of height data: ground observer.",Ash-cloud moving to west.,-
Merapi,MER,2018-05-23 08:32:00 UTC,Orange,Merapi - 20180523/0832Z,"Niken Angga Rukmini, S.T., Merapi Volcano Observatory - 7 years ago","Eruption at 0649 UTC (1349 local). Eruption has deceased. Best estimate of ash-cloud top is around 0 FT (0 M) above sea level, may be higher than what can be observed clearly. Source of height data: ground observer. Ash-cloud moving to south-west..",https://magma.esdm.go.id/v1/vona/5490?signature=ec2689956351a763ea29c1723370e1637983b3ed5b2d31716c28b0a0b8d225dd,3,Merapi,263250,20180523/0832Z,ORANGE,orange,2018MER06,S 07 deg 32 min 31 sec E 110 deg 26 min 31 sec,-7.541944444,110.4419444,Daerah Istimewa Yogyakarta dan Jawa Tengah,2968,928,Eruption at 0649 UTC (1349 local). Eruption has deceased.,Volcanic ash is not visible/observed.,Ash-cloud moving to south-west.,-
Merapi,MER,2018-05-22 21:28:00 UTC,Orange,Merapi - 20180522/2128Z,"Sulistiyani, S.Si., Merapi Volcano Observatory - 7 years ago","Eruption with volcanic ash cloud at  2031 UTC (0331 local). Not continuing. Best estimate of ash-cloud top is around 52463 FT (15898 M) above sea level, may be higher than what can be observed clearly. Source of height data: ground observer. Ash-cloud moving to south-west.",https://magma.esdm.go.id/v1/vona/5488?signature=75ef2c389e8bcc9cfd77e343a57adac2515d271aee0763e79bea3282977c84b8,3,Merapi,263250,20180522/2128Z,ORANGE,green,2018MER05,S 07 deg 32 min 31 sec E 110 deg 26 min 31 sec,-7.541944444,110.4419444,Daerah Istimewa Yogyakarta dan Jawa Tengah,2968,928,Eruption with volcanic ash cloud at  2031 UTC (0331 local). Not continuing.,"Best estimate of ash-cloud top is around 52463 FT (15898 M) above sea level, may be higher than what can be observed clearly. Source of height data: ground observer.",Ash-cloud moving to south-west,-
Merapi,MER,2018-05-22 10:22:00 UTC,Green,Merapi - 20180522/1022Z,"Agus Budi Santoso, Dr., S.Si., M.Sc., Merapi Volcano Observatory - 7 years ago","No eruption occurred after the last eruption on 21 May 2018 at 1847 UTC Best estimate of ash-cloud top is around 31607 FT (9578 M) above sea level, may be higher than what can be observed clearly. Source of height data: ground observer. White volcanic plume with low pressure and intensity.",https://magma.esdm.go.id/v1/vona/5487?signature=3178906d21f4de56f9f5a2adcda544f083782578cc9ecede32f5e657b67c9a84,3,Merapi,263250,20180522/1022Z,GREEN,yellow,2018MER04,S 07 deg 32 min 31 sec E 110 deg 26 min 31 sec,-7.541944444,110.4419444,Daerah Istimewa Yogyakarta dan Jawa Tengah,2968,928,No eruption occurred after the last eruption on 21 May 2018 at 1847 UTC,"Best estimate of ash-cloud top is around 31607 FT (9578 M) above sea level, may be higher than what can be observed clearly. Source of height data: ground observer.",White volcanic plume with low pressure and intensity,Low seismicity
Merapi,MER,2018-05-21 03:17:00 UTC,Yellow,Merapi - 20180521/0317Z,"Agus Budi Santoso, Dr., S.Si., M.Sc., Merapi Volcano Observatory - 7 years ago","Eruption with volcanic ash cloud at 0238 UTC (0938 local). Not continuing. Best estimate of ash-cloud top is around 44015 FT (13338 M) above sea level, may be higher than what can be observed clearly. Source of height data: ground observer. Ash-cloud moving to west..",https://magma.esdm.go.id/v1/vona/5485?signature=04ca4cc9abfc1b299483508d76e8065daa7ea03ba70320f1fdfe68e468fd89ac,3,Merapi,263250,20180521/0317Z,YELLOW,yellow,2018MER03,S 07 deg 32 min 31 sec E 110 deg 26 min 31 sec,-7.541944444,110.4419444,Daerah Istimewa Yogyakarta dan Jawa Tengah,2968,928,Eruption with volcanic ash cloud at 0238 UTC (0938 local). Not continuing.,"Best estimate of ash-cloud top is around 44015 FT (13338 M) above sea level, may be higher than what can be observed clearly. Source of height data: ground observer.",Ash-cloud moving to west.,-
Merapi,MER,2018-05-11 08:01:00 UTC,Yellow,Merapi - 20180511/0801Z,"Niken Angga Rukmini, S.T., Merapi Volcano Observatory - 7 years ago","Eruption and ash emission is not continuing. Best estimate of ash-cloud top is around 0 FT (0 M) above sea level, may be higher than what can be observed clearly. Source of height data: ground observer.  Ash-cloud has dissipated. .",https://magma.esdm.go.id/v1/vona/5469?signature=6aff73498c6efd76e9a7b868b9934e8b5fbb5c3213e271adfc95e14e883017d7,3,Merapi,263250,20180511/0801Z,YELLOW,red,2018MER02,S 07 deg 32 min 31 sec E 110 deg 26 min 31 sec,-7.541944444,110.4419444,Daerah Istimewa Yogyakarta dan Jawa Tengah,2968,928,Eruption and ash emission is not continuing.,Volcanic ash is not visible/observed.,Ash-cloud has dissipated.,-
Merapi,MER,2018-05-11 01:40:00 UTC,Red,Merapi - 20180511/0140Z,"Niken Angga Rukmini, S.T., Merapi Volcano Observatory - 7 years ago","Eruption with volcanic ash cloud at 0040 UTC (0740 local). Best estimate of ash-cloud top is around 58080 FT (17600 M) above sea level, may be higher than what can be observed clearly. Source of height data: ground observer. Ash-cloud moving from south to east. Grey color..",https://magma.esdm.go.id/v1/vona/5468?signature=fa0b3f98b1f0d2a8e57f785f73f25cc3b4ef48658aee0039c0bf44641ec937f9,3,Merapi,263250,20180511/0140Z,RED,unassigned,2018MER01,S 07 deg 32 min 31 sec E 110 deg 26 min 31 sec,-7.541944444,110.4419444,Daerah Istimewa Yogyakarta dan Jawa Tengah,2968,928,Eruption with volcanic ash cloud at 0040 UTC (0740 local).,"Best estimate of ash-cloud top is around 58080 FT (17600 M) above sea level, may be higher than what can be observed clearly. Source of height data: ground observer.",Ash-cloud moving from south to east. Grey color.,-
Merapi,MER,2016-02-17 03:00:00 UTC,Yellow,Merapi - 20160217/0300Z,"Martanto, S.T., Merapi Volcano Observatory - 10 years ago","Eruption has ceased. Volcanic activity has decreased significantly. Best estimate of ash-cloud top is around 0 FT (0 M) above sea level, may be higher than what can be observed clearly. Source of height data: ground observer. Ash-cloud has dissipated..",https://magma.esdm.go.id/v1/vona/3974?signature=aaf4065999f396b1fc6e1c1daeaabbf8759c827266a753219058f22d9baf6473,3,Merapi,263250,20160217/0300Z,YELLOW,red,2016MER02,S 07 deg 32 min 31 sec E 110 deg 26 min 31 sec,-7.541944444,110.4419444,Daerah Istimewa Yogyakarta dan Jawa Tengah,2968,928,Eruption has ceased. Volcanic activity has decreased significantly.,Volcanic ash is not visible/observed.,Ash-cloud has dissipated.,Eruption has ceased. Volcanic activity has decreased significantly.
Merapi,MER,2016-02-16 23:45:00 UTC,Red,Merapi - 20160216/2345Z,"Martanto, S.T., Merapi Volcano Observatory - 10 years ago","Eruption with volcanic ash-cloud at 2335 UTC (0835 local). Eruption and ash emission is continuing. Best estimate of ash-cloud top is around 81312 FT (24640 M) above sea level, may be higher than what can be observed clearly. Source of height data: ground observer. Large ash-cloud moving to northeast..",https://magma.esdm.go.id/v1/vona/3973?signature=f04900975768cb8703beaa78b8efca1df8258ab58dfb0891b1acaf1737422e9e,4,Merapi,263250,20160216/2345Z,RED,unassigned,2016MER01,S 07 deg 32 min 31 sec E 110 deg 26 min 31 sec,-7.541944444,110.4419444,Daerah Istimewa Yogyakarta dan Jawa Tengah,2968,928,Eruption with volcanic ash-cloud at 2335 UTC (0835 local). Eruption and ash emission is continuing.,"Best estimate of ash-cloud top is around 81312 FT (24640 M) above sea level, may be higher than what can be observed clearly. Source of height data: ground observer.",Large ash-cloud moving to northeast.,Seismic activity is characterized by continuous volcanic tremor
Merapi,MER,2019-10-14 09:44:00 UTC,Orange,Merapi - 20191014/0944Z,"Niken Angga Rukmini, S.T., Merapi Volcano Observatory - 6 years ago","Eruption with ash cloud at 0931 UTC (1631 local), lasted for 4 minutes. Eruption has stopped. Best estimate of ash-cloud top is around 63023 FT (19098 M) above sea level, may be higher than what can be observed clearly. Source of height data: ground observer. Pyroclastic flow moving to southwest..",https://magma.esdm.go.id/v1/vona/3944?signature=11353e136731b4f8e145ccc0dde3a251a51182541f71e85d52e632af4ea33ea1,4,Merapi,263250,20191014/0944Z,ORANGE,orange,2019MER02,S 07 deg 32 min 31 sec E 110 deg 26 min 31 sec,-7.541944444,110.4419444,Daerah Istimewa Yogyakarta dan Jawa Tengah,2968,928,"Eruption with ash cloud at 0931 UTC (1631 local), lasted for 4 minutes. Eruption has stopped.","Best estimate of ash-cloud top is around 63023 FT (19098 M) above sea level, may be higher than what can be observed clearly. Source of height data: ground observer.",Pyroclastic flow moving to southwest.,Eruption was recorded in seismograph for 270 s and amplitude 75 mm.
Merapi,MER,2019-09-22 05:08:00 UTC,Orange,Merapi - 20190922/0508Z,"Niken Angga Rukmini, S.T., Merapi Volcano Observatory - 6 years ago","Small eruption with volcanic ash cloud at 0436 UTC (1136 local). Eruption has stopped. Best estimate of ash-cloud top is around 39791 FT (12058 M) above sea level, may be higher than what can be observed clearly. Source of height data: ground observer. Ash-cloud movement is not observed..",https://magma.esdm.go.id/v1/vona/3919?signature=2110a751794f06686cb6f98338ca808dd039edf1e4ceda831c9e94066d82c8ac,4,Merapi,263250,20190922/0508Z,ORANGE,unassigned,2019MER01,S 07 deg 32 min 31 sec E 110 deg 26 min 31 sec,-7.541944444,110.4419444,Daerah Istimewa Yogyakarta dan Jawa Tengah,2968,928,Small eruption with volcanic ash cloud at 0436 UTC (1136 local). Eruption has stopped.,"Best estimate of ash-cloud top is around 39791 FT (12058 M) above sea level, may be higher than what can be observed clearly. Source of height data: ground observer.",Ash-cloud movement is not observed.,Merapi activity still continue with small rockfalls and potential ash produced by PDC.
Merapi,MER,2018-06-03 13:39:00 UTC,Green,Merapi - 20180603/1339Z,"Sulistiyani, S.Si., Merapi Volcano Observatory - 7 years ago","No eruption occurred after the last eruption on 01 June 2018 at 14:00 UTC Best estimate of ash-cloud top is around 39791 FT (12058 M) above sea level, may be higher than what can be observed clearly. Source of height data: ground observer. White volcanic plume with low pressure and intensity.",https://magma.esdm.go.id/v1/vona/3286?signature=8b250d540e0d3536ac7bb1880a1aea9a4bb44b3800b91c46bcab6f8f6951e347,4,Merapi,263250,20180603/1339Z,GREEN,orange,2018MER13,S 07 deg 32 min 31 sec E 110 deg 26 min 31 sec,-7.541944444,110.4419444,Daerah Istimewa Yogyakarta dan Jawa Tengah,2968,928,No eruption occurred after the last eruption on 01 June 2018 at 14:00 UTC,"Best estimate of ash-cloud top is around 39791 FT (12058 M) above sea level, may be higher than what can be observed clearly. Source of height data: ground observer.",White volcanic plume with low pressure and intensity,-
Merapi,MER,2018-06-01 14:07:00 UTC,Orange,Merapi - 20180601/1407Z,"Sulistiyani, S.Si., Merapi Volcano Observatory - 7 years ago","Eruption with volcanic ash cloud at 14:00 UTC (21.00 local). Eruption has deceased Best estimate of ash-cloud top is around 41903 FT (12698 M) above sea level, may be higher than what can be observed clearly. Source of height data: ground observer. Ash-cloud moving to north west.",https://magma.esdm.go.id/v1/vona/3283?signature=b2e70ccd380d13d83e1ed0bd7553293904ee63483f24a4f7bfcb4056a708543a,4,Merapi,263250,20180601/1407Z,ORANGE,orange,2018MER12,S 07 deg 32 min 31 sec E 110 deg 26 min 31 sec,-7.541944444,110.4419444,Daerah Istimewa Yogyakarta dan Jawa Tengah,2968,928,Eruption with volcanic ash cloud at 14:00 UTC (21.00 local). Eruption has deceased,"Best estimate of ash-cloud top is around 41903 FT (12698 M) above sea level, may be higher than what can be observed clearly. Source of height data: ground observer.",Ash-cloud moving to north west,-
Merapi,MER,2018-06-01 13:32:00 UTC,Orange,Merapi - 20180601/1332Z,"Sulistiyani, S.Si., Merapi Volcano Observatory - 7 years ago","Eruption with volcanic ash cloud at 13:24 UTC (20.24 local). Eruption has deceased Best estimate of ash-cloud top is around 57743 FT (17498 M) above sea level, may be higher than what can be observed clearly. Source of height data: ground observer. Ash-cloud moving to west.",https://magma.esdm.go.id/v1/vona/3282?signature=f621010d17a6a37dbcc88e38f92c6d34eb30d2c006cd7d300a03d9540508b84f,4,Merapi,263250,20180601/1332Z,ORANGE,red,2018MER11,S 07 deg 32 min 31 sec E 110 deg 26 min 31 sec,-7.541944444,110.4419444,Daerah Istimewa Yogyakarta dan Jawa Tengah,2968,928,Eruption with volcanic ash cloud at 13:24 UTC (20.24 local). Eruption has deceased,"Best estimate of ash-cloud top is around 57743 FT (17498 M) above sea level, may be higher than what can be observed clearly. Source of height data: ground observer.",Ash-cloud moving to west,-
Merapi,MER,2018-06-01 01:31:00 UTC,Red,Merapi - 20180601/0131Z,"Sulistiyani, S.Si., Merapi Volcano Observatory - 7 years ago","Eruption with volcanic ash cloud at 01:20 UTC (08.20 local). Eruption has deceased Best estimate of ash-cloud top is around 94703 FT (28698 M) above sea level, may be higher than what can be observed clearly. Source of height data: ground observer. Ash-cloud moving to north west..",https://magma.esdm.go.id/v1/vona/3281?signature=1965f6582fb78c6065320818f34378d27d6013db844f6020a19180da8aaaa32f,4,Merapi,263250,20180601/0131Z,RED,green,2018MER10,S 07 deg 32 min 31 sec E 110 deg 26 min 31 sec,-7.541944444,110.4419444,Daerah Istimewa Yogyakarta dan Jawa Tengah,2968,928,Eruption with volcanic ash cloud at 01:20 UTC (08.20 local). Eruption has deceased,"Best estimate of ash-cloud top is around 94703 FT (28698 M) above sea level, may be higher than what can be observed clearly. Source of height data: ground observer.",Ash-cloud moving to north west.,-
Merapi,MER,2018-05-25 21:34:00 UTC,Green,Merapi - 20180525/2134Z,"Sulistiyani, S.Si., Merapi Volcano Observatory - 7 years ago","No eruption occurred after the last eruption on 24 May 2018 at 0348 UTC Best estimate of ash-cloud top is around 31607 FT (9578 M) above sea level, may be higher than what can be observed clearly. Source of height data: ground observer. White volcanic plume with low pressure and intensity.",https://magma.esdm.go.id/v1/vona/3272?signature=81433410891151923b66f7392c561621b09007bb97425a040398f970bddd8b32,4,Merapi,263250,20180525/2134Z,GREEN,orange,2018MER09,S 07 deg 32 min 31 sec E 110 deg 26 min 31 sec,-7.541944444,110.4419444,Daerah Istimewa Yogyakarta dan Jawa Tengah,2968,928,No eruption occurred after the last eruption on 24 May 2018 at 0348 UTC,"Best estimate of ash-cloud top is around 31607 FT (9578 M) above sea level, may be higher than what can be observed clearly. Source of height data: ground observer.",White volcanic plume with low pressure and intensity,Low seismicity
Merapi,MER,2018-05-24 03:57:00 UTC,Orange,Merapi - 20180524/0357Z,"Niken Angga Rukmini, S.T., Merapi Volcano Observatory - 7 years ago","Eruption with volcanic ash cloud at 0348 UTC (1048 local). Eruption has deceased. Best estimate of ash-cloud top is around 47183 FT (14298 M) above sea level, may be higher than what can be observed clearly. Source of height data: ground observer. -.",https://magma.esdm.go.id/v1/vona/3270?signature=d0e6f443a6f0e8a3ff353ed18e7d72f3aeea856d77b8d4976c1f7ea90c5f338c,4,Merapi,263250,20180524/0357Z,ORANGE,red,2018MER08,S 07 deg 32 min 31 sec E 110 deg 26 min 31 sec,-7.541944444,110.4419444,Daerah Istimewa Yogyakarta dan Jawa Tengah,2968,928,Eruption with volcanic ash cloud at 0348 UTC (1048 local). Eruption has deceased.,"Best estimate of ash-cloud top is around 47183 FT (14298 M) above sea level, may be higher than what can be observed clearly. Source of height data: ground observer.",-,-
Merapi,MER,2021-01-07 02:57:00 UTC,Orange,Merapi - 20210107/0257Z,"Alzwar Nurmanaji, A.Md, Merapi Volcano Observatory - 5 years ago","Eruption with pyroclastic density current at 0102 UTC (0802 local). Eruption has stopped. Best estimate of ash-cloud top is around 33455 FT (10138 M) above sea level, may be higher than what can be observed clearly. Source of height data: ground observer. Pyroclastic density current heading southwest..",https://magma.esdm.go.id/v1/vona/3231?signature=72ea9fbfabee648d6e091a1c5fd2572b6f29d2b247ff27ecc31dedcef20d5147,4,Merapi,263250,20210107/0257Z,ORANGE,unassigned,2021MER01,S 07 deg 32 min 31 sec E 110 deg 26 min 31 sec,-7.541944444,110.4419444,Daerah Istimewa Yogyakarta dan Jawa Tengah,2968,928,Eruption with pyroclastic density current at 0102 UTC (0802 local). Eruption has stopped.,"Best estimate of ash-cloud top is around 33455 FT (10138 M) above sea level, may be higher than what can be observed clearly. Source of height data: ground observer.",Pyroclastic density current heading southwest.,Pyroclastic density current was recorded in seismogram with max amplitude 28 mm and duration 154 s.
